Feature 1,Feature 2,Feature 3 ,Output 
0.262942622,0.285794234,0.396283909,0
0.946335895,0.960462839,0.067273614,1
0.807214185,0.676179923,0.143412396,1
0.886559918,0.882233252,0.094104562,1
0.055430907,0.416014942,0.993913215,0
0.273433697,0.37224657,0.621673738,0
0.275209006,0.129725226,0.398876443,0
0.45305887,0.051965008,0.614050787,0
0.912055458,0.838395033,0.397046781,1
0.920594252,0.820208254,0.121009722,1
